discipline,athlete,country,record,date,event,sex,wikipedia,profile,video_name,video_link,latitude,longtidute
DYN,Nitsch Herbert,AT,183,2002-11-16,5th Night of Apnea,Men,https://en.wikipedia.org/wiki/Herbert_Nitsch,https://athletes.aidainternational.org/Profile-00000000-0000-0000-0000-000000000006,not_found,not_found,47.516231,14.550072
DYN,Nitsch Herbert,AT,170,2001-02-24,WR Attempt - NITSCH Herbert (DYN),Men,https://en.wikipedia.org/wiki/Herbert_Nitsch,https://athletes.aidainternational.org/Profile-00000000-0000-0000-0000-000000000006,not_found,not_found,47.516231,14.550072
DYN,Nitsch Herbert,AT,172,2001-01-01,Compiled rankings for year 2001,Men,https://en.wikipedia.org/wiki/Herbert_Nitsch,https://athletes.aidainternational.org/Profile-00000000-0000-0000-0000-000000000006,not_found,not_found,47.516231,14.550072
DNF,Nitsch Herbert,AT,138,2002-12-15,st Dutch Open,Men,https://en.wikipedia.org/wiki/Herbert_Nitsch,https://athletes.aidainternational.org/Profile-00000000-0000-0000-0000-000000000006,not_found,not_found,47.516231,14.550072
DNF,Nitsch Herbert,AT,134,2001-11-24,WR Attempt - NITSCH Herbert (DNF),Men,https://en.wikipedia.org/wiki/Herbert_Nitsch,https://athletes.aidainternational.org/Profile-00000000-0000-0000-0000-000000000006,not_found,not_found,47.516231,14.550072
DNF,Nitsch Herbert,AT,131,2001-01-27,WR Attempt - NITSCH Herbert (DNF),Men,https://en.wikipedia.org/wiki/Herbert_Nitsch,https://athletes.aidainternational.org/Profile-00000000-0000-0000-0000-000000000006,not_found,not_found,47.516231,14.550072
NLT,Nitsch Herbert,AT,214,2007-06-09,WR Attempt - NITSCH Herbert(NLT-VWT-CWT-STA-CNF-FIM),Men,https://en.wikipedia.org/wiki/Herbert_Nitsch,https://athletes.aidainternational.org/Profile-00000000-0000-0000-0000-000000000006,Freediver Herbert Nitsch - WR#20 2007 No Limit 702 ft (214 m),https://www.youtube.com/watch?v=ierAsmNk4pI,47.516231,14.550072
NLT,Nitsch Herbert,AT,185,2007-06-09,WR Attempt - NITSCH Herbert(NLT-VWT-CWT-STA-CNF-FIM),Men,https://en.wikipedia.org/wiki/Herbert_Nitsch,https://athletes.aidainternational.org/Profile-00000000-0000-0000-0000-000000000006,not_found,not_found,47.516231,14.550072
NLT,Nitsch Herbert,AT,183,2006-08-25,"WR Attempt - NITSCH Herbert(CWT, CNF, FIM, VWT, NLT and STA)",Men,https://en.wikipedia.org/wiki/Herbert_Nitsch,https://athletes.aidainternational.org/Profile-00000000-0000-0000-0000-000000000006,Herbert Nitsch World Record 183m,https://www.youtube.com/watch?v=z2xjMC5gnOI,47.516231,14.550072
NLT,Nitsch Herbert,AT,172,2005-10-02,WR ATTEMPT - NITSCH Herbert (NLT),Men,https://en.wikipedia.org/wiki/Herbert_Nitsch,https://athletes.aidainternational.org/Profile-00000000-0000-0000-0000-000000000006,not_found,not_found,47.516231,14.550072
VWT,Nitsch Herbert,AT,142,2009-12-06,"WR Attempt - NITSCH Herbert(CWT, FIM, VWT, CNF)",Men,https://en.wikipedia.org/wiki/Herbert_Nitsch,https://athletes.aidainternational.org/Profile-00000000-0000-0000-0000-000000000006,Freediver Herbert Nitsch - WR#27 2009 VWT 466 ft (142 m),https://www.youtube.com/watch?v=8vcyWm5AqUs,47.516231,14.550072
CWT,Nitsch Herbert,AT,124,2010-04-27,Vertical Blue 2010 - the Suunto Dive-Off,Men,https://en.wikipedia.org/wiki/Herbert_Nitsch,https://athletes.aidainternational.org/Profile-00000000-0000-0000-0000-000000000006,Freediver Herbert Nitsch - WR#31 2010 CWT 407 ft (124 m),https://www.youtube.com/watch?v=90KowxrMqJM,47.516231,14.550072
CWT,Nitsch Herbert,AT,123,2009-12-06,"WR Attempt - NITSCH Herbert(CWT, FIM, VWT, CNF)",Men,https://en.wikipedia.org/wiki/Herbert_Nitsch,https://athletes.aidainternational.org/Profile-00000000-0000-0000-0000-000000000006,Herbert Nitsch 123m Constant Weight World record,https://www.youtube.com/watch?v=6qjYm4XQxEE,47.516231,14.550072
CWT,Nitsch Herbert,AT,114,2009-04-04,Vertical Blue 2009,Men,https://en.wikipedia.org/wiki/Herbert_Nitsch,https://athletes.aidainternational.org/Profile-00000000-0000-0000-0000-000000000006,not_found,not_found,47.516231,14.550072
CWT,Nitsch Herbert,AT,120,2009-04-03,Vertical Blue 2009,Men,https://en.wikipedia.org/wiki/Herbert_Nitsch,https://athletes.aidainternational.org/Profile-00000000-0000-0000-0000-000000000006,Freediver Herbert Nitsch - WR#25 2009 CWT 394 ft (120 m),https://www.youtube.com/watch?v=KvI4CJns0MI,47.516231,14.550072
CWT,Nitsch Herbert,AT,112,2007-10-27,4th AIDA Individual World Championship,Men,https://en.wikipedia.org/wiki/Herbert_Nitsch,https://athletes.aidainternational.org/Profile-00000000-0000-0000-0000-000000000006,CWT New world record -112m by Herbert Nitsch in EGYPT WC,https://www.youtube.com/watch?v=0EJEftVLmKI,47.516231,14.550072
CWT,Nitsch Herbert,AT,111,2006-12-09,5th AIDA Freediving Team World Championship,Men,https://en.wikipedia.org/wiki/Herbert_Nitsch,https://athletes.aidainternational.org/Profile-00000000-0000-0000-0000-000000000006,Herbert Nitsch -111m World Constant Weight Freediving record,https://www.youtube.com/watch?v=nKNtg006uPg,47.516231,14.550072
CWT,Nitsch Herbert,AT,95,2003-09-05,"WR Attempt - NITSCH Herbert (CWT,CNF, FIM)",Men,https://en.wikipedia.org/wiki/Herbert_Nitsch,https://athletes.aidainternational.org/Profile-00000000-0000-0000-0000-000000000006,not_found,not_found,47.516231,14.550072
CWT,Nitsch Herbert,AT,86,2001-01-01,Compiled rankings for year 2001,Men,https://en.wikipedia.org/wiki/Herbert_Nitsch,https://athletes.aidainternational.org/Profile-00000000-0000-0000-0000-000000000006,not_found,not_found,47.516231,14.550072
CNF,Nitsch Herbert,AT,83,2007-10-21,Triple Depth,Men,https://en.wikipedia.org/wiki/Herbert_Nitsch,https://athletes.aidainternational.org/Profile-00000000-0000-0000-0000-000000000006,CNF New world record -83m by Herbert Nitsch in Dahab,https://www.youtube.com/watch?v=BjVqmFBXHFY,47.516231,14.550072
CNF,Nitsch Herbert,AT,66,2004-09-11,WR Attempt - NITSCH Herbert (CNF),Men,https://en.wikipedia.org/wiki/Herbert_Nitsch,https://athletes.aidainternational.org/Profile-00000000-0000-0000-0000-000000000006,not_found,not_found,47.516231,14.550072
CNF,Nitsch Herbert,AT,62,2004-09-11,WR Attempt - NITSCH Herbert (CNF),Men,https://en.wikipedia.org/wiki/Herbert_Nitsch,https://athletes.aidainternational.org/Profile-00000000-0000-0000-0000-000000000006,not_found,not_found,47.516231,14.550072
CNF,Nitsch Herbert,AT,50,2003-09-05,"WR Attempt - NITSCH Herbert (CWT,CNF, FIM)",Men,https://en.wikipedia.org/wiki/Herbert_Nitsch,https://athletes.aidainternational.org/Profile-00000000-0000-0000-0000-000000000006,not_found,not_found,47.516231,14.550072
FIM,Nitsch Herbert,AT,120,2010-04-27,Vertical Blue 2010 - the Suunto Dive-Off,Men,https://en.wikipedia.org/wiki/Herbert_Nitsch,https://athletes.aidainternational.org/Profile-00000000-0000-0000-0000-000000000006,Freediver Herbert Nitsch - WR#32 2010 Free Immersion 394 ft (120 m),https://www.youtube.com/watch?v=bibvKlaPp0w,47.516231,14.550072
FIM,Nitsch Herbert,AT,114,2010-04-27,Vertical Blue 2010 - the Suunto Dive-Off,Men,https://en.wikipedia.org/wiki/Herbert_Nitsch,https://athletes.aidainternational.org/Profile-00000000-0000-0000-0000-000000000006,114m FIM Freediving world record,https://www.youtube.com/watch?v=CXslHW10eeY,47.516231,14.550072
FIM,Nitsch Herbert,AT,112,2009-12-06,"WR Attempt - NITSCH Herbert(CWT, FIM, VWT, CNF)",Men,https://en.wikipedia.org/wiki/Herbert_Nitsch,https://athletes.aidainternational.org/Profile-00000000-0000-0000-0000-000000000006,Herbert Nitsch 112m Free Immersion World Record,https://www.youtube.com/watch?v=6_m5ngA7sT8,47.516231,14.550072
FIM,Nitsch Herbert,AT,109,2009-04-03,Vertical Blue 2009,Men,https://en.wikipedia.org/wiki/Herbert_Nitsch,https://athletes.aidainternational.org/Profile-00000000-0000-0000-0000-000000000006,not_found,not_found,47.516231,14.550072
FIM,Nitsch Herbert,AT,100,2003-09-05,"WR Attempt - NITSCH Herbert (CWT,CNF, FIM)",Men,https://en.wikipedia.org/wiki/Herbert_Nitsch,https://athletes.aidainternational.org/Profile-00000000-0000-0000-0000-000000000006,not_found,not_found,47.516231,14.550072
FIM,Nitsch Herbert,AT,92,2002-07-27,WR Attempt - NITSCH Herbert (FIM),Men,https://en.wikipedia.org/wiki/Herbert_Nitsch,https://athletes.aidainternational.org/Profile-00000000-0000-0000-0000-000000000006,not_found,not_found,47.516231,14.550072
DNF,Bourke Amber,AU,164,2013-06-21,Individual AIDA pool World Championships,Women,None,https://athletes.aidainternational.org/Profile-9545dbaa-46ea-4ff6-8d70-23dd0b3b42b7,not_found,not_found,-25.274398,133.775136
VWT,Musimu Patrik,BE,120,2001-11-10,WR Attempt - MUSIMU Patrick (VWT),Men,https://en.wikipedia.org/wiki/Patrick_Musimu,https://athletes.aidainternational.org/Profile-00000000-0000-0000-0000-00000000006e,not_found,not_found,50.503887,4.469936
VWT,Winram William,CA,145,2013-08-31,William Winram VWT WR attempt,Men,None,https://athletes.aidainternational.org/Profile-00000000-0000-0000-0000-00000000048e,William Winram 145m Freediving World Record (VWT),https://www.youtube.com/watch?v=YtryV9qItsg,56.130366,-106.346771
CWT,Fattah Eric,CA,82,2001-08-11,WR Attempt - FATTAH Eric (CWT),Men,None,https://athletes.aidainternational.org/Profile-00000000-0000-0000-0000-00000000006c,Eric Fattah 82m/269ft World Freediving Record 2001,https://www.youtube.com/watch?v=4CtMmmR2zDg,56.130366,-106.346771
CNF,Lightfoot Tom,CA,43,2003-05-05,CAFA Western Regional Competition,Men,None,https://athletes.aidainternational.org/Profile-00000000-0000-0000-0000-0000000000a4,not_found,not_found,56.130366,-106.346771
NLT,Cruickshank Mandy-Rae,CA,136,2001-09-23,WR Attempt - CRUICKSHANK Mandy-Rae (NLT),Women,https://en.wikipedia.org/wiki/Mandy-Rae_Cruickshank,https://athletes.aidainternational.org/Profile-00000000-0000-0000-0000-000000000069,not_found,not_found,56.130366,-106.346771
CWT,Cruickshank Mandy-Rae,CA,88,2007-04-29,CAFA & USAA cosponsored national with guests,Women,https://en.wikipedia.org/wiki/Mandy-Rae_Cruickshank,https://athletes.aidainternational.org/Profile-00000000-0000-0000-0000-000000000069,not_found,not_found,56.130366,-106.346771
CWT,Cruickshank Mandy-Rae,CA,78,2004-03-21,WR Attempt - CRUICKSHANK Mandy-Rae (CWT),Women,https://en.wikipedia.org/wiki/Mandy-Rae_Cruickshank,https://athletes.aidainternational.org/Profile-00000000-0000-0000-0000-000000000069,Mandy 78m WR,https://www.youtube.com/watch?v=5Z2AbH8vXOw,56.130366,-106.346771
CNF,Cruickshank Mandy-Rae,CA,41,2003-08-27,WR Attempt - Mandy Rae Cruickshank (CNF FIM ),Women,https://en.wikipedia.org/wiki/Mandy-Rae_Cruickshank,https://athletes.aidainternational.org/Profile-00000000-0000-0000-0000-000000000069,not_found,not_found,56.130366,-106.346771
CWTB,Wenjie Lu Jessea,CN,83,2019-06-09,Asian Freediving Cup 2019,Women,None,https://athletes.aidainternational.org/Profile-60d5ef69-a645-4d18-bc97-284d2ab1a2d9,not_found,not_found,35.86166,104.195397
VWT,Boudhiaf Walid,CO,150,2021-01-17,AIDA WR Attempt Sharm VWT,Men,None,https://athletes.aidainternational.org/Profile-a4fceb1b-f8f4-4af6-9103-a7e6935a73df,FREEDIVING WORLD RECORD 150m VWT WALID BOUDHIAF,https://www.youtube.com/watch?v=ktJt33Ky6_s,4.570868,-74.297333
CWTB,Gomez Sofia,CO,81,2019-04-27,Xibalba 2019,Women,https://en.wikipedia.org/wiki/Sof%C3%ADa_G%C3%B3mez,https://athletes.aidainternational.org/Profile-763fc9ba-a337-43aa-961e-edaa22c6da9f,not_found,not_found,4.570868,-74.297333
NLT,Ferreras Francisco Pipin,CU,133,1996-11-26,WR Attempt - FERRERAS Francisco Pipin (NLT),Men,https://en.wikipedia.org/wiki/Francisco_Ferreras,https://athletes.aidainternational.org/Profile-00000000-0000-0000-0000-000000000e0a,not_found,not_found,21.521757,-77.781167
NLT,Ferreras Francisco Pipin,CU,130,1996-03-10,WR Attempt - FERRERAS Francisco Pipin (NLT),Men,https://en.wikipedia.org/wiki/Francisco_Ferreras,https://athletes.aidainternational.org/Profile-00000000-0000-0000-0000-000000000e0a,not_found,not_found,21.521757,-77.781167
NLT,Ferreras Francisco Pipin,CU,128,1995-07-30,WR Attempt - FERRERAS Francisco Pipin (NLT),Men,https://en.wikipedia.org/wiki/Francisco_Ferreras,https://athletes.aidainternational.org/Profile-00000000-0000-0000-0000-000000000e0a,not_found,not_found,21.521757,-77.781167
NLT,Ferreras Francisco Pipin,CU,127,1994-12-10,WR Attempt - FERRERAS Francisco Pipin (NLT),Men,https://en.wikipedia.org/wiki/Francisco_Ferreras,https://athletes.aidainternational.org/Profile-00000000-0000-0000-0000-000000000e0a,not_found,not_found,21.521757,-77.781167
NLT,Ferreras Francisco Pipin,CU,126,1994-07-30,WR Attempt - FERRERAS Francisco Pipin (NLT),Men,https://en.wikipedia.org/wiki/Francisco_Ferreras,https://athletes.aidainternational.org/Profile-00000000-0000-0000-0000-000000000e0a,not_found,not_found,21.521757,-77.781167
NLT,Ferreras Francisco Pipin,CU,125,1993-11-06,WR Attempt - FERRERAS Francisco Pipin (NLT),Men,https://en.wikipedia.org/wiki/Francisco_Ferreras,https://athletes.aidainternational.org/Profile-00000000-0000-0000-0000-000000000e0a,not_found,not_found,21.521757,-77.781167
VWT,Ravelo Alejandro,CU,111,1997-09-09,WR Attempt - RAVELO Alejandro (VWT),Men,None,https://athletes.aidainternational.org/Profile-00000000-0000-0000-0000-000000000e04,not_found,not_found,21.521757,-77.781167
CWT,Ravelo Alejandro,CU,73,1997-08-02,WR Attempt - RAVELO Alejandro (CWT),Men,None,https://athletes.aidainternational.org/Profile-00000000-0000-0000-0000-000000000e04,not_found,not_found,21.521757,-77.781167
NLT,Andollo Deborah,CU,110,1996-05-11,WR Attempt - ANDOLLO Deborah (NLT),Women,https://en.wikipedia.org/wiki/Deborah_Andollo,https://athletes.aidainternational.org/Profile-00000000-0000-0000-0000-000000000e05,not_found,not_found,21.521757,-77.781167
VWT,Andollo Deborah,CU,95,2000-07-12,WR Attempt - ANDOLLO Deborah (VWT),Women,https://en.wikipedia.org/wiki/Deborah_Andollo,https://athletes.aidainternational.org/Profile-00000000-0000-0000-0000-000000000e05,not_found,not_found,21.521757,-77.781167
VWT,Andollo Deborah,CU,90,1997-07-27,WR Attempt - ANDOLLO Deborah (VWT),Women,https://en.wikipedia.org/wiki/Deborah_Andollo,https://athletes.aidainternational.org/Profile-00000000-0000-0000-0000-000000000e05,not_found,not_found,21.521757,-77.781167
VWT,Andollo Deborah,CU,85,1995-11-30,WR Attempt - ANDOLLO Deborah (VWT),Women,https://en.wikipedia.org/wiki/Deborah_Andollo,https://athletes.aidainternational.org/Profile-00000000-0000-0000-0000-000000000e05,not_found,not_found,21.521757,-77.781167
CWT,Andollo Deborah,CU,65,1997-12-05,WR Attempt - ANDOLLO Deborah,Women,https://en.wikipedia.org/wiki/Deborah_Andollo,https://athletes.aidainternational.org/Profile-00000000-0000-0000-0000-000000000e05,not_found,not_found,21.521757,-77.781167
CWT,Andollo Deborah,CU,62,1996-10-05,WR Attempt - ANDOLLO Deborah,Women,https://en.wikipedia.org/wiki/Deborah_Andollo,https://athletes.aidainternational.org/Profile-00000000-0000-0000-0000-000000000e05,not_found,not_found,21.521757,-77.781167
CWT,Andollo Deborah,CU,61,1994-06-12,WR Attempt - ANDOLLO Deborah (CWT),Women,https://en.wikipedia.org/wiki/Deborah_Andollo,https://athletes.aidainternational.org/Profile-00000000-0000-0000-0000-000000000e05,not_found,not_found,21.521757,-77.781167
VWT,Stepanek Martin,CZ,136,2005-04-08,"WR Attempt - STEPANEK Martin (CWT, CNF, FIM)",Men,https://en.wikipedia.org/wiki/Martin_%C5%A0t%C4%9Bp%C3%A1nek_(free-diver),https://athletes.aidainternational.org/Profile-00000000-0000-0000-0000-000000000092,not_found,not_found,49.817492,15.472962
CWT,Stepanek Martin,CZ,122,2009-05-23,"WR Attempt - STEPANEK Martin(CWT, FIM, CNF)",Men,https://en.wikipedia.org/wiki/Martin_%C5%A0t%C4%9Bp%C3%A1nek_(free-diver),https://athletes.aidainternational.org/Profile-00000000-0000-0000-0000-000000000092,New CWT freediving world record - 122m – 22.05.09,https://www.youtube.com/watch?v=S7iw1KmkloQ,49.817492,15.472962
CWT,Stepanek Martin,CZ,108,2006-04-01,WR Attempt - STEPANEK Martin(CNF - CWT -FIM),Men,https://en.wikipedia.org/wiki/Martin_%C5%A0t%C4%9Bp%C3%A1nek_(free-diver),https://athletes.aidainternational.org/Profile-00000000-0000-0000-0000-000000000092,not_found,not_found,49.817492,15.472962
CWT,Stepanek Martin,CZ,103,2004-09-10,WR Attempt - STEPANEK Martin (CWT),Men,https://en.wikipedia.org/wiki/Martin_%C5%A0t%C4%9Bp%C3%A1nek_(free-diver),https://athletes.aidainternational.org/Profile-00000000-0000-0000-0000-000000000092,not_found,not_found,49.817492,15.472962
CWT,Stepanek Martin,CZ,93,2003-05-29,Sony Freediver Open Classic 2003,Men,https://en.wikipedia.org/wiki/Martin_%C5%A0t%C4%9Bp%C3%A1nek_(free-diver),https://athletes.aidainternational.org/Profile-00000000-0000-0000-0000-000000000092,not_found,not_found,49.817492,15.472962
CNF,Stepanek Martin,CZ,80,2005-04-08,"WR Attempt - STEPANEK Martin (CWT, CNF, FIM)",Men,https://en.wikipedia.org/wiki/Martin_%C5%A0t%C4%9Bp%C3%A1nek_(free-diver),https://athletes.aidainternational.org/Profile-00000000-0000-0000-0000-000000000092,not_found,not_found,49.817492,15.472962
FIM,Stepanek Martin,CZ,106,2006-04-01,WR Attempt - STEPANEK Martin(CNF - CWT -FIM),Men,https://en.wikipedia.org/wiki/Martin_%C5%A0t%C4%9Bp%C3%A1nek_(free-diver),https://athletes.aidainternational.org/Profile-00000000-0000-0000-0000-000000000092,not_found,not_found,49.817492,15.472962
FIM,Stepanek Martin,CZ,102,2004-03-23,WR Attempt - STEPANEK Martin (FIM),Men,https://en.wikipedia.org/wiki/Martin_%C5%A0t%C4%9Bp%C3%A1nek_(free-diver),https://athletes.aidainternational.org/Profile-00000000-0000-0000-0000-000000000092,not_found,not_found,49.817492,15.472962
FIM,Stepanek Martin,CZ,90,2001-09-08,WR Attempt - STEPANEK Martin (FIM),Men,https://en.wikipedia.org/wiki/Martin_%C5%A0t%C4%9Bp%C3%A1nek_(free-diver),https://athletes.aidainternational.org/Profile-00000000-0000-0000-0000-000000000092,not_found,not_found,49.817492,15.472962
DYN,Sietas Tom,DE,223,2006-08-26,WR Attempt - SIETAS Tom(STA-DYN-DNF),Men,https://en.wikipedia.org/wiki/Tom_Sietas,https://athletes.aidainternational.org/Profile-00000000-0000-0000-0000-0000000000b1,not_found,not_found,51.165691,10.451526
DYN,Sietas Tom,DE,212,2005-07-09,AIDA Hellas 2005 Summer Apnea Games,Men,https://en.wikipedia.org/wiki/Tom_Sietas,https://athletes.aidainternational.org/Profile-00000000-0000-0000-0000-0000000000b1,Tom Sietas AIDA WR DYN 212m 2005 Greece,https://www.youtube.com/watch?v=Ewlrt_i-g4Y,51.165691,10.451526
DNF,Sietas Tom,DE,213,2008-07-02,WR Attempt - SIETAS Tom(STA-DYN-DNF),Men,https://en.wikipedia.org/wiki/Tom_Sietas,https://athletes.aidainternational.org/Profile-00000000-0000-0000-0000-0000000000b1,not_found,not_found,51.165691,10.451526
DNF,Sietas Tom,DE,183,2006-08-26,WR Attempt - SIETAS Tom(STA-DYN-DNF),Men,https://en.wikipedia.org/wiki/Tom_Sietas,https://athletes.aidainternational.org/Profile-00000000-0000-0000-0000-0000000000b1,not_found,not_found,51.165691,10.451526
DNF,Sietas Tom,DE,182,2006-08-12,"WR Attempt - SIETAS Tom(DYN,DNF)",Men,https://en.wikipedia.org/wiki/Tom_Sietas,https://athletes.aidainternational.org/Profile-00000000-0000-0000-0000-0000000000b1,not_found,not_found,51.165691,10.451526
DNF,Sietas Tom,DE,180,2006-03-14,WR Attempt - SIETAS Tom(DNF),Men,https://en.wikipedia.org/wiki/Tom_Sietas,https://athletes.aidainternational.org/Profile-00000000-0000-0000-0000-0000000000b1,Tom Sietas - AIDA WR DNF 180m - 2006 – Japan.mpg,https://www.youtube.com/watch?v=D9-6HM-ZlHA,51.165691,10.451526
DNF,Sietas Tom,DE,176,2006-03-03,Mad Cup 2006,Men,https://en.wikipedia.org/wiki/Tom_Sietas,https://athletes.aidainternational.org/Profile-00000000-0000-0000-0000-0000000000b1,not_found,not_found,51.165691,10.451526
DNF,Sietas Tom,DE,175,2005-07-09,AIDA Hellas 2005 Summer Apnea Games,Men,https://en.wikipedia.org/wiki/Tom_Sietas,https://athletes.aidainternational.org/Profile-00000000-0000-0000-0000-0000000000b1,Tom Sietas - AIDA WR DNF 175m - 2005 – Greece.mpg,https://www.youtube.com/watch?v=bcxBq079KeU,51.165691,10.451526
VWT,Franz Benjamin,DE,117,2001-09-01,WR Attempt - FRANZ Benjamin (VWT),Men,https://de.wikipedia.org/wiki/Benjamin_Franz,https://athletes.aidainternational.org/Profile-00000000-0000-0000-0000-000000000028,117m Weltrekord Variabel 2001 Rotes Meer,https://www.youtube.com/watch?v=luKDrdJ2aI4,51.165691,10.451526
DYN,Severinsen Stig Åvall,DK,225,2007-06-16,Aarhus Triple Challenge day two,Men,https://en.wikipedia.org/wiki/Stig_Severinsen,https://athletes.aidainternational.org/Profile-00000000-0000-0000-0000-000000000044,not_found,not_found,56.26392,9.501785
DYN,Pedersen Peter,DK,200,2003-07-18,WR Attempt - PEDERSEN Peter (DYN),Men,None,https://athletes.aidainternational.org/Profile-00000000-0000-0000-0000-00000000007f,Peter Pedersen 200m Freediving World Record (DYN),https://www.youtube.com/watch?v=F4BgRlIF_9M,56.26392,9.501785
DNF,Severinsen Stig Åvall,DK,186,2007-07-04,AIDA Pool World Championships with Finals,Men,https://en.wikipedia.org/wiki/Stig_Severinsen,https://athletes.aidainternational.org/Profile-00000000-0000-0000-0000-000000000044,AIDA World Championships 2007 - DNF Finals (Men),https://www.youtube.com/watch?v=fjK_aU3af_I,56.26392,9.501785
DNF,Severinsen Stig Åvall,DK,166,2003-07-19,WR Attempt - SEVERINSEN Stig (DNF),Men,https://en.wikipedia.org/wiki/Stig_Severinsen,https://athletes.aidainternational.org/Profile-00000000-0000-0000-0000-000000000044,Freediving World Record 166 meters (544.7 feet) without fins - by Stig Severinsen,https://www.youtube.com/watch?v=czNN__N6Uwo,56.26392,9.501785
DNF,Severinsen Stig Åvall,DK,134,2002-05-25,Aarhus Freedivers Club,Men,https://en.wikipedia.org/wiki/Stig_Severinsen,https://athletes.aidainternational.org/Profile-00000000-0000-0000-0000-000000000044,not_found,not_found,56.26392,9.501785
CNF,Severinsen Stig Åvall,DK,61,2003-09-30,WR Attempt - Carlos COSTE and Stig SEVERINSEN (FIM CWT),Men,https://en.wikipedia.org/wiki/Stig_Severinsen,https://athletes.aidainternational.org/Profile-00000000-0000-0000-0000-000000000044,not_found,not_found,56.26392,9.501785
DYN,Nordblad Johanna,FI,158,2004-06-14,BIOS Freeology Open Classic 2004,Women,https://en.wikipedia.org/wiki/Johanna_Nordblad,https://athletes.aidainternational.org/Profile-00000000-0000-0000-0000-000000000077,not_found,not_found,61.92411,25.748151
DYN,Sessa Frederic,FR,255,2010-07-06,7th AIDA Team World Championship 2010,Men,https://en.wikipedia.org/wiki/Fr%C3%A9d%C3%A9ric_Sessa,https://athletes.aidainternational.org/Profile-00000000-0000-0000-0000-000000000a6d,FRED SESSA - NEW DYNAMIC WORLD RECORD: 255m,https://www.youtube.com/watch?v=nYtcKL_8LaM,46.227638,2.213749
DYN,Le Sauce Andy,FR,164,1996-05-25,WR Attempt - LESAUCE Andy (DYN),Men,https://fr.wikipedia.org/wiki/Andy_Le_Sauce,https://athletes.aidainternational.org/Profile-00000000-0000-0000-0000-000000000001,not_found,not_found,46.227638,2.213749
DYN,Brischigiaro Nicola,FR,155,1995-10-08,WR Attempt - BRISCHIGIARO Nicola (DYN),Men,https://it.wikipedia.org/wiki/Nicola_Brischigiaro,https://athletes.aidainternational.org/Profile-00000000-0000-0000-0000-000000000e07,not_found,not_found,46.227638,2.213749
DYN,Le Sauce Andy,FR,140,1995-09-02,WR Attempt - LESAUCE Andy (DYN),Men,https://fr.wikipedia.org/wiki/Andy_Le_Sauce,https://athletes.aidainternational.org/Profile-00000000-0000-0000-0000-000000000001,not_found,not_found,46.227638,2.213749
DNF,Cocuet Frederic,FR,125,1993-10-07,WR Attempt - COCUET Frederic (DNF),Men,None,https://athletes.aidainternational.org/Profile-00000000-0000-0000-0000-000000000e0d,not_found,not_found,46.227638,2.213749
NLT,Leferme Loic,FR,171,2004-10-30,WR Attempt - LEFERME Loic (NLT),Men,https://en.wikipedia.org/wiki/Lo%C3%AFc_Leferme,https://athletes.aidainternational.org/Profile-00000000-0000-0000-0000-000000000034,Loic Leferme - 171 m : D DAY,https://www.youtube.com/watch?v=jX1nK78tcw4,46.227638,2.213749
NLT,Leferme Loic,FR,162,2002-10-20,WR Attempt - LEFERME Loic (NLT),Men,https://en.wikipedia.org/wiki/Lo%C3%AFc_Leferme,https://athletes.aidainternational.org/Profile-00000000-0000-0000-0000-000000000034,not_found,not_found,46.227638,2.213749
NLT,Leferme Loic,FR,137,1999-06-05,WR Attempt - LEFERME Loic (NLT),Men,https://en.wikipedia.org/wiki/Lo%C3%AFc_Leferme,https://athletes.aidainternational.org/Profile-00000000-0000-0000-0000-000000000034,not_found,not_found,46.227638,2.213749
CWT,Néry Guillaume,FR,113,2008-06-30,WR Attempt - NÃ‰RY Guillaume(CWT),Men,https://en.wikipedia.org/wiki/Guillaume_N%C3%A9ry,https://athletes.aidainternational.org/Profile-00000000-0000-0000-0000-0000000001dd,not_found,not_found,46.227638,2.213749
CWT,Néry Guillaume,FR,109,2006-08-31,WR Attempt – Néry Guillaume(CWT),Men,https://en.wikipedia.org/wiki/Guillaume_N%C3%A9ry,https://athletes.aidainternational.org/Profile-00000000-0000-0000-0000-0000000001dd,BALL Watch Co. Explorer Guillaume Néry 109M record FREEDIVE,https://www.youtube.com/watch?v=66h3p4xLEJ4,46.227638,2.213749
CWT,Néry Guillaume,FR,96,2004-06-09,WR Attempt - NERY Guillaume (CWT),Men,https://en.wikipedia.org/wiki/Guillaume_N%C3%A9ry,https://athletes.aidainternational.org/Profile-00000000-0000-0000-0000-0000000001dd,not_found,not_found,46.227638,2.213749
CWT,Néry Guillaume,FR,87,2002-08-31,WR Attempt - NERY Guillaume (CWT),Men,https://en.wikipedia.org/wiki/Guillaume_N%C3%A9ry,https://athletes.aidainternational.org/Profile-00000000-0000-0000-0000-0000000001dd,Guillaume Néry - Old clip from 2005,https://www.youtube.com/watch?v=wzr9kOrcHbo,46.227638,2.213749
CWT,Oliva Michael,FR,72,1996-10-11,WR Attempt - OLIVA Michael (CWT),Men,None,https://athletes.aidainternational.org/Profile-00000000-0000-0000-0000-000000000e03,not_found,not_found,46.227638,2.213749
CWTB,Jerald Arnaud,FR,108,2019-05-20,Russian Open depth Championship 2019,Men,None,https://athletes.aidainternational.org/Profile-9ad1475c-746a-4c94-becb-44f50fd2bd2e,Record du monde / Arnaud Jerald / -108m bipalmes,https://www.youtube.com/watch?v=Igqei1D2Eic,46.227638,2.213749
DYN,Desreac Nathalie,FR,150,1998-11-14,WR Attempt - DESREAC Nathalie Brunet (DYN),Women,None,https://athletes.aidainternational.org/Profile-00000000-0000-0000-0000-000000000018,not_found,not_found,46.227638,2.213749
DYN,Desreac Nathalie,FR,140,1998-10-07,WR Attempt - DESREAC Nathalie Brunet (DYN),Women,None,https://athletes.aidainternational.org/Profile-00000000-0000-0000-0000-000000000018,not_found,not_found,46.227638,2.213749
NLT,Mestre Audrey,FR,130,2001-05-19,WR Attempt - MESTRE Aurdery (NLT),Women,https://en.wikipedia.org/wiki/Audrey_Mestre,https://athletes.aidainternational.org/Profile-00000000-0000-0000-0000-000000000e0b,not_found,not_found,46.227638,2.213749
CWT,Campbell Sara,GB,96,2009-04-03,Vertical Blue 2009,Women,https://en.wikipedia.org/wiki/Sara_Campbell,https://athletes.aidainternational.org/Profile-00000000-0000-0000-0000-000000000801,Sara Campbell World Record 96m Constant Weight,https://www.youtube.com/watch?v=ozzNSn_5QS0,55.378051,-3.435973
CWT,Campbell Sara,GB,90,2007-10-21,Triple Depth,Women,https://en.wikipedia.org/wiki/Sara_Campbell,https://athletes.aidainternational.org/Profile-00000000-0000-0000-0000-000000000801,not_found,not_found,55.378051,-3.435973
CNF,Campbell Sara,GB,56,2007-10-21,Triple Depth,Women,https://en.wikipedia.org/wiki/Sara_Campbell,https://athletes.aidainternational.org/Profile-00000000-0000-0000-0000-000000000801,not_found,not_found,55.378051,-3.435973
FIM,Campbell Sara,GB,81,2007-10-21,Triple Depth,Women,https://en.wikipedia.org/wiki/Sara_Campbell,https://athletes.aidainternational.org/Profile-00000000-0000-0000-0000-000000000801,not_found,not_found,55.378051,-3.435973
DYN,Panagiotakis Giorgos,GR,300,2016-07-02,Pool World Championships 2016,Men,None,https://athletes.aidainternational.org/Profile-1e11821c-8bcc-49e0-b5e0-846749ce0c77,300M UNDERWATER SWIM ON A SINGLE BREATH | FREEDIVING WORLD RECORD BY GIORGOS PANAGIOTAKIS,https://www.youtube.com/watch?v=EMOAyeEBkQE,39.074208,21.824312
VWT,Kastrinakis Stavros,GR,146,2015-11-01,WR Attempt Stavros Kastrinakis,Men,None,https://athletes.aidainternational.org/Profile-ca7a2d6a-8d19-4665-85cd-f990e1ad08f5,STAVROS KASTRINAKHS KASTRINAKHS 146 m WR 1-11-2015,https://www.youtube.com/watch?v=P3kmJANBuxE,39.074208,21.824312
DYN,Colak Goran,HR,281,2013-06-21,Individual AIDA pool World Championships,Men,https://en.wikipedia.org/wiki/Goran_%C4%8Colak,https://athletes.aidainternational.org/Profile-00000000-0000-0000-0000-00000000062d,FINALE A GORAN ČOLAK WORD RECORD DYN 281 m,https://www.youtube.com/watch?v=BF7dHfyaZXs,45.1,15.2
DYN,Colak Goran,HR,273,2011-10-07,World Championship AIDA 2011 Indoor Event,Men,https://en.wikipedia.org/wiki/Goran_%C4%8Colak,https://athletes.aidainternational.org/Profile-00000000-0000-0000-0000-00000000062d,Goran Colak - Freediving World Record 273 m – YouTube,https://www.youtube.com/watch?v=9Th8Zt-HMCg,45.1,15.2
DNF,Colak Goran,HR,225,2013-11-21,Goran Colak DNF WR Attempt,Men,https://en.wikipedia.org/wiki/Goran_%C4%8Colak,https://athletes.aidainternational.org/Profile-00000000-0000-0000-0000-00000000062d," Goran Colak, Dynamic No Fins World Record – 225m",https://www.youtube.com/watch?v=kjTD2CNnlco,45.1,15.2
DYNB,Milosic Boris,HR,234,2019-02-23,13th Serbian Open Freediving Championship - Belgrade 2019,Men,None,https://athletes.aidainternational.org/Profile-f46798d8-aa12-4581-94fa-259d01990dff,WORLD RECORD 234m Bifins - Boris Milosic (22),https://www.youtube.com/watch?v=bvdMIX-0CLE,45.1,15.2
DYNB,Maričić Vitomir,HR,234,2019-02-23,13th Serbian Open Freediving Championship - Belgrade 2019,Men,https://hr.wikipedia.org/wiki/Vitomir_Mari%C4%8Di%C4%87,https://athletes.aidainternational.org/Profile-900feea2-6eff-40b5-ae30-a72f710137fe,not_found,not_found,45.1,15.2
DNF,Zubcic Katarina,HR,175,2013-06-21,Individual AIDA pool World Championships,Women,None,https://athletes.aidainternational.org/Profile-00000000-0000-0000-0000-00000000151a,not_found,not_found,45.1,15.2
DYNB,Kardasevic Mirela,HR,208,2019-03-07,Russian Open pool Championship 2019 in honor of Natalia Molchanova,Women,None,https://athletes.aidainternational.org/Profile-db975655-940b-49a0-b35b-02c289a09009,not_found,not_found,45.1,15.2
DYNB,Lijic Lidija,HR,186,2019-02-23,13th Serbian Open Freediving Championship - Belgrade 2019,Women,None,https://athletes.aidainternational.org/Profile-00000000-0000-0000-0000-00000000054a,not_found,not_found,45.1,15.2
NLT,Pelizzari Umberto,IT,150,1999-10-24,WR Attempt - PELIZZARI Umberto (NLT),Men,https://en.wikipedia.org/wiki/Umberto_Pelizzari,https://athletes.aidainternational.org/Profile-00000000-0000-0000-0000-0000000000a2,Umberto Pelizzari - record in apnea a -150m,https://www.youtube.com/watch?v=mAMbf4fxFjM,41.87194,12.56738
NLT,Pelizzari Umberto,IT,131,1996-09-16,WR Attempt - PELIZZARI Umberto (NLT),Men,https://en.wikipedia.org/wiki/Umberto_Pelizzari,https://athletes.aidainternational.org/Profile-00000000-0000-0000-0000-0000000000a2,not_found,not_found,41.87194,12.56738
NLT,Pelizzari Umberto,IT,123,1993-10-11,WR Attempt - PELIZZARI Umberto (NLT),Men,https://en.wikipedia.org/wiki/Umberto_Pelizzari,https://athletes.aidainternational.org/Profile-00000000-0000-0000-0000-0000000000a2,not_found,not_found,41.87194,12.56738
VWT,Pelizzari Umberto,IT,115,1997-09-20,WR Attempt - PELIZZARI Umberto (VWT),Men,https://en.wikipedia.org/wiki/Umberto_Pelizzari,https://athletes.aidainternational.org/Profile-00000000-0000-0000-0000-0000000000a2,not_found,not_found,41.87194,12.56738
VWT,Pelizzari Umberto,IT,110,1996-09-09,WR Attempt - PELIZZARI Umberto (VWT),Men,https://en.wikipedia.org/wiki/Umberto_Pelizzari,https://athletes.aidainternational.org/Profile-00000000-0000-0000-0000-0000000000a2,not_found,not_found,41.87194,12.56738
VWT,Pelizzari Umberto,IT,105,1995-07-22,WR Attempt - PELIZZARI Umberto (VWT),Men,https://en.wikipedia.org/wiki/Umberto_Pelizzari,https://athletes.aidainternational.org/Profile-00000000-0000-0000-0000-0000000000a2,not_found,not_found,41.87194,12.56738
VWT,Pelizzari Umberto,IT,101,1994-07-24,WR Attempt - PELIZZARI Umberto (VWT),Men,https://en.wikipedia.org/wiki/Umberto_Pelizzari,https://athletes.aidainternational.org/Profile-00000000-0000-0000-0000-0000000000a2,not_found,not_found,41.87194,12.56738
CWT,Pelizzari Umberto,IT,80,1999-10-18,WR Attempt - PELIZZARI Umberto,Men,https://en.wikipedia.org/wiki/Umberto_Pelizzari,https://athletes.aidainternational.org/Profile-00000000-0000-0000-0000-0000000000a2,Umberto Pelizzari Constant Weight World Record -80m,https://www.youtube.com/watch?v=BLnKut0-ffg,41.87194,12.56738
CWT,Pelizzari Umberto,IT,75,1997-09-13,WR Attempt - PELIZZARI Umberto (CWT),Men,https://en.wikipedia.org/wiki/Umberto_Pelizzari,https://athletes.aidainternational.org/Profile-00000000-0000-0000-0000-0000000000a2,Record del mondo di apnea di Umberto Pelizzari in assetto costante 75m YouTube,https://www.youtube.com/watch?v=HcfH7srnrZ4,41.87194,12.56738
CWT,Pelizzari Umberto,IT,72,1995-09-17,WR Attempt - PELIZZARI Umberto (CWT),Men,https://en.wikipedia.org/wiki/Umberto_Pelizzari,https://athletes.aidainternational.org/Profile-00000000-0000-0000-0000-0000000000a2,not_found,not_found,41.87194,12.56738
DYN,Maiorca Rossana,IT,125,1996-03-21,WR Attempt - MAIORCA Rossana (DYN),Women,None,https://athletes.aidainternational.org/Profile-00000000-0000-0000-0000-000000000e06,not_found,not_found,41.87194,12.56738
DNF,Bonin Ilaria,IT,163,2012-11-16,Europe Evolution Cup 2012,Women,None,https://athletes.aidainternational.org/Profile-00000000-0000-0000-0000-000000000c92,"Ilaria Bonin 163metres 2'58"" AIDA WR in DNF",https://www.youtube.com/watch?v=wVs05oXj-cU,41.87194,12.56738
CWT,Zecchini Alessia,IT,107,2018-07-26,Vertical Blue,Women,https://en.wikipedia.org/wiki/Alessia_Zecchini,https://athletes.aidainternational.org/Profile-27ee09ed-33d6-45d6-8c45-5f125f0bee55,WATCH as Alessia Zecchini of Italy glides like an arrow to a new World Record 107m CWT,https://www.youtube.com/watch?v=G0ATGBHuk1E,41.87194,12.56738
CWT,Zecchini Alessia,IT,105,2018-05-05,NIRVANA OCEANQUEST DEPTH CONTEST 2018,Women,https://en.wikipedia.org/wiki/Alessia_Zecchini,https://athletes.aidainternational.org/Profile-27ee09ed-33d6-45d6-8c45-5f125f0bee55,World Record AIDA CWT -105m Alessia Zecchini,https://www.youtube.com/watch?v=xFyQHyY4gGU,41.87194,12.56738
CWT,Zecchini Alessia,IT,104,2017-05-10,Vertical Blue 2017,Women,https://en.wikipedia.org/wiki/Alessia_Zecchini,https://athletes.aidainternational.org/Profile-27ee09ed-33d6-45d6-8c45-5f125f0bee55,ALESSIA ZECCHINI 2017 WORLD RECORD 104m CWT Dive,https://www.youtube.com/watch?v=i_Mo1rZCiwo,41.87194,12.56738
CWT,Zecchini Alessia,IT,102,2017-05-06,Vertical Blue 2017,Women,https://en.wikipedia.org/wiki/Alessia_Zecchini,https://athletes.aidainternational.org/Profile-27ee09ed-33d6-45d6-8c45-5f125f0bee55,Alessia Zecchini World Record Dive to 102m CWT,https://www.youtube.com/watch?v=1ViCIZjm23s,41.87194,12.56738
CNF,Zecchini Alessia,IT,73,2018-07-22,Vertical Blue,Women,https://en.wikipedia.org/wiki/Alessia_Zecchini,https://athletes.aidainternational.org/Profile-27ee09ed-33d6-45d6-8c45-5f125f0bee55,-73 WR No Fins Alessia Zecchini,https://www.youtube.com/watch?v=whswVjWhn30,41.87194,12.56738
FIM,Zecchini Alessia,IT,98,2019-10-16,AIDA OceanQuest Curaçao,Women,https://en.wikipedia.org/wiki/Alessia_Zecchini,https://athletes.aidainternational.org/Profile-27ee09ed-33d6-45d6-8c45-5f125f0bee55,not_found,not_found,41.87194,12.56738
FIM,Zecchini Alessia,IT,96,2018-07-25,Vertical Blue,Women,https://en.wikipedia.org/wiki/Alessia_Zecchini,https://athletes.aidainternational.org/Profile-27ee09ed-33d6-45d6-8c45-5f125f0bee55,-96m WR Freeimmersion Alessia Zecchini,https://www.youtube.com/watch?v=FNSOXS9fZQo,41.87194,12.56738
FIM,Zecchini Alessia,IT,93,2018-07-20,Vertical Blue,Women,https://en.wikipedia.org/wiki/Alessia_Zecchini,https://athletes.aidainternational.org/Profile-27ee09ed-33d6-45d6-8c45-5f125f0bee55,#VB2018 Alessia Zecchini World Record Dive to 93m FIM,https://www.youtube.com/watch?v=D1snG2xsfDA,41.87194,12.56738
CWT,Hirose Hanako,JP,106,2018-07-25,Vertical Blue,Women,None,https://athletes.aidainternational.org/Profile-00000000-0000-0000-0000-000000000701,HANAKO HIROSE Amazing World Record Dive to 106m CWT #VB2018,https://www.youtube.com/watch?v=oR-G-OROXeE,36.204824,138.252924
CWT,Hirose Hanako,JP,103,2017-05-10,Vertical Blue 2017,Women,None,https://athletes.aidainternational.org/Profile-00000000-0000-0000-0000-000000000701,HANAKO HIROSE WORLD RECORD 103m CWT dive,https://www.youtube.com/watch?v=EGCviJzGY6Q,36.204824,138.252924
CNF,Kinoshita Sayuri,JP,72,2016-04-26,Vertical Blue 2016,Women,None,https://athletes.aidainternational.org/Profile-00000000-0000-0000-0000-000000001186,The Dive (the first World Record for Japan) by Sayuri Kinoshita,https://www.youtube.com/watch?v=oYqX5MRfuDQ,36.204824,138.252924
FIM,Kinoshita Sayuri,JP,97,2018-07-26,Vertical Blue,Women,None,https://athletes.aidainternational.org/Profile-00000000-0000-0000-0000-000000001186,WATCH Sayuri Kinoshita of Japan set an amazing World Record to 97m FIM,https://www.youtube.com/watch?v=VjCxBNltkIk,36.204824,138.252924
FIM,Kinoshita Sayuri,JP,94,2018-07-24,Vertical Blue,Women,None,https://athletes.aidainternational.org/Profile-00000000-0000-0000-0000-000000001186,SAYURI KINOSHITA on an inspiring World Record dive to 94m in Free Immersion (dive time 3:50) #VB2018,https://www.youtube.com/watch?v=uL_VLcueNaA,36.204824,138.252924
CWTB,Kinoshita Sayuri,JP,82,2019-04-27,Xibalba 2019,Women,None,https://athletes.aidainternational.org/Profile-00000000-0000-0000-0000-000000001186,not_found,not_found,36.204824,138.252924
FIM,Frolla Pierre,MC,80,2001-08-17,WR Attempt - FROLLA Pierre (FIM),Men,https://en.wikipedia.org/wiki/Pierre_Frolla,https://athletes.aidainternational.org/Profile-00000000-0000-0000-0000-000000000039,not_found,not_found,43.750298,7.412841
FIM,Frolla Pierre,MC,73,2000-08-03,WR Attempt - FROLLA Pierre (FIM),Men,https://en.wikipedia.org/wiki/Pierre_Frolla,https://athletes.aidainternational.org/Profile-00000000-0000-0000-0000-000000000039,not_found,not_found,43.750298,7.412841
FIM,Frolla Pierre,MC,72,1999-10-03,WR Attempt - FROLLA Pierre (FIM),Men,https://en.wikipedia.org/wiki/Pierre_Frolla,https://athletes.aidainternational.org/Profile-00000000-0000-0000-0000-000000000039,not_found,not_found,43.750298,7.412841
CWT,Coste Carlos,NL,90,2002-11-06,Carlos Coste WRA CWT 2002,Men,https://en.wikipedia.org/wiki/Carlos_Coste,https://athletes.aidainternational.org/Profile-00000000-0000-0000-0000-000000000070,not_found,not_found,52.132633,5.291266
DNF,De Bruyn Renate,NL,104,2004-04-25,Belgium Cup - Round of Huy,Women,None,https://athletes.aidainternational.org/Profile-00000000-0000-0000-0000-0000000001d6,not_found,not_found,52.132633,5.291266
DNF,De Bruyn Renate,NL,100,2003-10-10,WR Attempt - DE BRUYN Renate (DNF),Women,None,https://athletes.aidainternational.org/Profile-00000000-0000-0000-0000-0000000001d6,not_found,not_found,52.132633,5.291266
VWT,Van Den Broek Nanja,NL,130,2015-10-18,130m2015-10-18 on,Women,https://en.wikipedia.org/wiki/Nanja_van_den_Broek,https://athletes.aidainternational.org/Profile-00000000-0000-0000-0000-000000000087,Nanja van den Broek World Record freediving Variable Weight -130 mtr,https://www.youtube.com/watch?v=OwETZ73aS2A,52.132633,5.291266
FIM,Grasmeijer Jeanine,NL,92,2016-09-06,BONAIRE DEEPSEA CHALLENGE,Women,None,https://athletes.aidainternational.org/Profile-d7eb770f-a9f5-4c1d-b239-9113613fab8c,[HD] Jeanine Grasmeijer new world record Free Immersion -92 meters,https://www.youtube.com/watch?v=ZmmGA-Q3FgM,52.132633,5.291266
FIM,Grasmeijer Jeanine,NL,90,2013-09-09,2013 Kalamata Open,Women,None,https://athletes.aidainternational.org/Profile-d7eb770f-a9f5-4c1d-b239-9113613fab8c,not_found,not_found,52.132633,5.291266
DYN,Mullins David,NZ,265,2010-09-27,Cressi World Record Challenge,Men,https://en.wikipedia.org/wiki/Dave_Mullins_(freediver),https://athletes.aidainternational.org/Profile-e6642a1a-d9a0-430f-a401-d052c3783dcf,Dave Mullins 265 meter dynamic freediving world record ,https://www.youtube.com/watch?v=2nxOIC9dprw,-40.900557,174.885971
DYN,Mullins David,NZ,257,2010-08-01,Wellington Winter Champs 2010,Men,https://en.wikipedia.org/wiki/Dave_Mullins_(freediver),https://athletes.aidainternational.org/Profile-e6642a1a-d9a0-430f-a401-d052c3783dcf,not_found,not_found,-40.900557,174.885971
DYN,Mullins David,NZ,248,2008-09-03,AIDA Team World Championships 2008,Men,https://en.wikipedia.org/wiki/Dave_Mullins_(freediver),https://athletes.aidainternational.org/Profile-e6642a1a-d9a0-430f-a401-d052c3783dcf,WWC2010 - Dave MullinsDYN (257) .MP4,https://www.youtube.com/watch?v=D9ZkAJz8J7U,-40.900557,174.885971
DYN,Mullins David,NZ,244,2007-09-23,No Bubbles Invitational - NaeNae Pool,Men,https://en.wikipedia.org/wiki/Dave_Mullins_(freediver),https://athletes.aidainternational.org/Profile-e6642a1a-d9a0-430f-a401-d052c3783dcf,Dave Mullins 244m DYN,https://www.youtube.com/watch?v=ezr7ezaUb2M,-40.900557,174.885971
DYN,Mullins David,NZ,234,2007-08-10,Auckland Apnea Challenge 07,Men,https://en.wikipedia.org/wiki/Dave_Mullins_(freediver),https://athletes.aidainternational.org/Profile-e6642a1a-d9a0-430f-a401-d052c3783dcf,Freediving Dave Mullins 234m dyn,https://www.youtube.com/watch?v=_enZ05QcJjM,-40.900557,174.885971
DNF,Mullins David,NZ,218,2010-09-27,Cressi World Record Challenge,Men,https://en.wikipedia.org/wiki/Dave_Mullins_(freediver),https://athletes.aidainternational.org/Profile-e6642a1a-d9a0-430f-a401-d052c3783dcf,Dave Mullins 218 DNF World Record 27 Sept 2010.MOD,https://www.youtube.com/watch?v=PmAEjxkdxec,-40.900557,174.885971
DNF,Mullins David,NZ,213,2008-08-10,Wellington Winter Champs 2008,Men,https://en.wikipedia.org/wiki/Dave_Mullins_(freediver),https://athletes.aidainternational.org/Profile-e6642a1a-d9a0-430f-a401-d052c3783dcf,DNF 213m David Mullins,https://www.youtube.com/watch?v=01j3791X56c,-40.900557,174.885971
CNF,Trubridge William,NZ,102,2016-07-21,World Record Attempt - William Trubridge,Men,https://en.wikipedia.org/wiki/William_Trubridge,https://athletes.aidainternational.org/Profile-749ff4c9-7676-43bc-b668-de6d5d66e550,Steinlager CNF World Record Freedive 102m,https://www.youtube.com/watch?v=e_sc7j0XHEk,-40.900557,174.885971
CNF,Trubridge William,NZ,101,2010-12-16,WR Attempt - TRUBRIDGE William (CNF),Men,https://en.wikipedia.org/wiki/William_Trubridge,https://athletes.aidainternational.org/Profile-749ff4c9-7676-43bc-b668-de6d5d66e550,William Trubridge 101m CNF World Record Freedive,https://www.youtube.com/watch?v=PUcpzf0rbAw,-40.900557,174.885971
CNF,Trubridge William,NZ,100,2010-12-14,WR Attempt - TRUBRIDGE William (CNF),Men,https://en.wikipedia.org/wiki/William_Trubridge,https://athletes.aidainternational.org/Profile-749ff4c9-7676-43bc-b668-de6d5d66e550,William Trubridge's world record dive to 100m with no fins (CNF),https://www.youtube.com/watch?v=3vCHL9eMW5E,-40.900557,174.885971
CNF,Trubridge William,NZ,96,2010-11-10,WR Attempt - TRUBRIDGE William (CNF),Men,https://en.wikipedia.org/wiki/William_Trubridge,https://athletes.aidainternational.org/Profile-749ff4c9-7676-43bc-b668-de6d5d66e550,not_found,not_found,-40.900557,174.885971
CNF,Trubridge William,NZ,95,2010-04-26,Vertical Blue 2010 - the Suunto Dive-Off,Men,https://en.wikipedia.org/wiki/William_Trubridge,https://athletes.aidainternational.org/Profile-749ff4c9-7676-43bc-b668-de6d5d66e550,Unassisted freediving world record - 95m (311 feet). by William Trubridge,https://www.youtube.com/watch?v=6THuHUHJ-m8,-40.900557,174.885971
CNF,Trubridge William,NZ,92,2010-04-19,Vertical Blue 2010 - the Suunto Dive-Off,Men,https://en.wikipedia.org/wiki/William_Trubridge,https://athletes.aidainternational.org/Profile-749ff4c9-7676-43bc-b668-de6d5d66e550,not_found,not_found,-40.900557,174.885971
CNF,Trubridge William,NZ,90,2009-12-03,5th AIDA Individual World Championship 2009,Men,https://en.wikipedia.org/wiki/William_Trubridge,https://athletes.aidainternational.org/Profile-749ff4c9-7676-43bc-b668-de6d5d66e550,not_found,not_found,-40.900557,174.885971
CNF,Trubridge William,NZ,88,2009-04-10,Vertical Blue 2009,Men,https://en.wikipedia.org/wiki/William_Trubridge,https://athletes.aidainternational.org/Profile-749ff4c9-7676-43bc-b668-de6d5d66e550,Freediving World Record no fins 88m (288ft),https://www.youtube.com/watch?v=vF4PN8-2YSk,-40.900557,174.885971
CNF,Trubridge William,NZ,86,2008-04-10,Vertical Blue 2008,Men,https://en.wikipedia.org/wiki/William_Trubridge,https://athletes.aidainternational.org/Profile-749ff4c9-7676-43bc-b668-de6d5d66e550,not_found,not_found,-40.900557,174.885971
CNF,Trubridge William,NZ,84,2008-04-04,Vertical Blue 2008,Men,https://en.wikipedia.org/wiki/William_Trubridge,https://athletes.aidainternational.org/Profile-749ff4c9-7676-43bc-b668-de6d5d66e550,not_found,not_found,-40.900557,174.885971
CNF,Trubridge William,NZ,82,2007-04-11,WR Attempt - TRUBRIDGE William(CNF),Men,https://en.wikipedia.org/wiki/William_Trubridge,https://athletes.aidainternational.org/Profile-749ff4c9-7676-43bc-b668-de6d5d66e550,World record Unassisted Freediving – 82m,https://www.youtube.com/watch?v=uGy4BUg0_Fw,-40.900557,174.885971
CNF,Trubridge William,NZ,81,2007-04-09,WR Attempt - TRUBRIDGE William(CNF),Men,https://en.wikipedia.org/wiki/William_Trubridge,https://athletes.aidainternational.org/Profile-749ff4c9-7676-43bc-b668-de6d5d66e550,not_found,not_found,-40.900557,174.885971
FIM,Trubridge William,NZ,124,2016-05-02,Vertical Blue 2016,Men,https://en.wikipedia.org/wiki/William_Trubridge,https://athletes.aidainternational.org/Profile-749ff4c9-7676-43bc-b668-de6d5d66e550,not_found,not_found,-40.900557,174.885971
FIM,Trubridge William,NZ,122,2016-04-30,Vertical Blue 2016,Men,https://en.wikipedia.org/wiki/William_Trubridge,https://athletes.aidainternational.org/Profile-749ff4c9-7676-43bc-b668-de6d5d66e550,Vertical Blue 2016 - William Trubridge sets a new World Record,https://www.youtube.com/watch?v=H3BUVH8X5Yw,-40.900557,174.885971
FIM,Trubridge William,NZ,121,2011-04-10,Vertical Blue 2011,Men,https://en.wikipedia.org/wiki/William_Trubridge,https://athletes.aidainternational.org/Profile-749ff4c9-7676-43bc-b668-de6d5d66e550,"World Record for William Trubridge ""Free Immersion"" -121 m (396,98 ft)",https://www.youtube.com/watch?v=5QZerTPcQ1o,-40.900557,174.885971
FIM,Trubridge William,NZ,116,2010-04-22,Vertical Blue 2010 - the Suunto Dive-Off,Men,https://en.wikipedia.org/wiki/William_Trubridge,https://athletes.aidainternational.org/Profile-749ff4c9-7676-43bc-b668-de6d5d66e550,not_found,not_found,-40.900557,174.885971
FIM,Trubridge William,NZ,108,2008-04-11,Vertical Blue 2008,Men,https://en.wikipedia.org/wiki/William_Trubridge,https://athletes.aidainternational.org/Profile-749ff4c9-7676-43bc-b668-de6d5d66e550,not_found,not_found,-40.900557,174.885971
FIM,Trubridge William,NZ,107,2008-04-08,Vertical Blue 2008,Men,https://en.wikipedia.org/wiki/William_Trubridge,https://athletes.aidainternational.org/Profile-749ff4c9-7676-43bc-b668-de6d5d66e550,not_found,not_found,-40.900557,174.885971
DNF,Nevatt Kathryn,NZ,163,2012-08-18,New Zealand Indoor Nationals,Women,None,https://athletes.aidainternational.org/Profile-a9846cd8-6635-4d57-9b7c-39765946198e,not_found,not_found,-40.900557,174.885971
DNF,Nevatt Kathryn,NZ,159,2009-08-13,Nordic Deep 2009,Women,None,https://athletes.aidainternational.org/Profile-a9846cd8-6635-4d57-9b7c-39765946198e,not_found,not_found,-40.900557,174.885971
DNF,Nevatt Kathryn,NZ,152,2009-07-12,"Wellington Winter Champs, Freediving Competition DAY 1",Women,None,https://athletes.aidainternational.org/Profile-a9846cd8-6635-4d57-9b7c-39765946198e,not_found,not_found,-40.900557,174.885971
DNF,Nevatt Kathryn,NZ,151,2008-08-10,Wellington Winter Champs 2008,Women,None,https://athletes.aidainternational.org/Profile-a9846cd8-6635-4d57-9b7c-39765946198e,Kathryn's world record dynamic without fins 151m,https://www.youtube.com/watch?v=6hnIStqYdA0,-40.900557,174.885971
DYN,Malina Mateusz,PL,300,2016-07-02,Pool World Championships 2016,Men,https://sv.wikipedia.org/wiki/Mateusz_Malina,https://athletes.aidainternational.org/Profile-f8c634fd-af19-4b82-88a6-dfb068e92f8c,Freediving World Record DYN Mateusz Malina (300 m),https://www.youtube.com/watch?v=AfnneYkYF_4,51.919438,19.145136
DYN,Malina Mateusz,PL,285,2015-12-11,The XIII Polish Feediving Pool Championships,Men,https://sv.wikipedia.org/wiki/Mateusz_Malina,https://athletes.aidainternational.org/Profile-f8c634fd-af19-4b82-88a6-dfb068e92f8c,Mateusz Malina Freediving World Record Dynamic with Fins 285m,https://www.youtube.com/watch?v=8iG9TzvhJFE,51.919438,19.145136
DNF,Malina Mateusz,PL,244,2016-07-01,Pool World Championships 2016,Men,https://sv.wikipedia.org/wiki/Mateusz_Malina,https://athletes.aidainternational.org/Profile-f8c634fd-af19-4b82-88a6-dfb068e92f8c,Freediving World Record Matt Malina (244 m DNF),https://www.youtube.com/watch?v=eRoTBCIgW7c,51.919438,19.145136
DNF,Malina Mateusz,PL,232,2016-06-27,Pool World Championships 2016,Men,https://sv.wikipedia.org/wiki/Mateusz_Malina,https://athletes.aidainternational.org/Profile-f8c634fd-af19-4b82-88a6-dfb068e92f8c,Mateusz Malina Freediving World Record 232m Dynamic without Fins DNF Limitless,https://www.youtube.com/watch?v=V1nzf4DpLN0,51.919438,19.145136
DNF,Malina Mateusz,PL,226,2014-11-09,DNF miniComp,Men,https://sv.wikipedia.org/wiki/Mateusz_Malina,https://athletes.aidainternational.org/Profile-f8c634fd-af19-4b82-88a6-dfb068e92f8c,Mateusz Malina Freediving World Record 226m Dynamic No Fins,https://www.youtube.com/watch?v=frIb2jeXayY,51.919438,19.145136
DYNB,Malina Mateusz,PL,250,2019-10-13,Hydro Dynamic 2019,Men,https://sv.wikipedia.org/wiki/Mateusz_Malina,https://athletes.aidainternational.org/Profile-f8c634fd-af19-4b82-88a6-dfb068e92f8c,not_found,not_found,51.919438,19.145136
DYN,Solich-Talanda Magdalena,PL,257,2019-10-13,Hydro Dynamic 2019,Women,None,https://athletes.aidainternational.org/Profile-f09db57e-c0bf-4ee1-bc6f-42657b6c2bea,Magdalena Solich-Talanda DYN WR 257m 13.10.2019r,https://www.facebook.com/100063561729178/videos/magdalena-solich-talanda-dyn-wr-257m-13102019r/490733714867643,51.919438,19.145136
DYN,Kalska Agnieszka,PL,253,2019-06-21,XVI Polish Freediving Pool Championships,Women,None,https://athletes.aidainternational.org/Profile-00000000-0000-0000-0000-0000000010d3,Agnieszka Kalska new AIDA DYN WR 253m,https://www.youtube.com/watch?v=qOg7ulxCXYA,51.919438,19.145136
DYN,Solich-Talanda Magdalena,PL,243,2018-06-29,Individual AIDA Pool World Championships Belgrade 2018,Women,None,https://athletes.aidainternational.org/Profile-f09db57e-c0bf-4ee1-bc6f-42657b6c2bea,"Magdalena Solich-Talanda WR DYN 243m, 29.06.2018 Belgrade",https://www.youtube.com/watch?v=ubYI18GtjPc,51.919438,19.145136
DNF,Solich-Talanda Magdalena,PL,191,2017-07-01,XIV Polish Freediving Pool Championships | XIV Basenowe Mistrzostwa Polski we Freedivingu,Women,None,https://athletes.aidainternational.org/Profile-f09db57e-c0bf-4ee1-bc6f-42657b6c2bea,NEW WORLD RECORD DNF 191 meters - Magdalena Solich-Talanda – Freediving,https://www.youtube.com/watch?v=_HDLLMC4Cto,51.919438,19.145136
DNF,Solich-Talanda Magdalena,PL,185,2016-07-01,Pool World Championships 2016,Women,None,https://athletes.aidainternational.org/Profile-f09db57e-c0bf-4ee1-bc6f-42657b6c2bea,Magdalena Solich DNF - 185 World Record,https://www.youtube.com/watch?v=MvsDdwneTT0,51.919438,19.145136
DYN,Molchanov Alexey,RU,250,2008-10-04,Europe Evolution Cup,Men,https://en.wikipedia.org/wiki/Alexey_Molchanov,https://athletes.aidainternational.org/Profile-2e49e1ad-580c-4b06-a13e-0e36682f2a1f,Alexey Molchanov 250 DYN,https://www.youtube.com/watch?v=nQw7In1Ff10,61.52401,105.318756
CWT,Molchanov Alexey,RU,130,2018-07-18,Vertical Blue,Men,https://en.wikipedia.org/wiki/Alexey_Molchanov,https://athletes.aidainternational.org/Profile-2e49e1ad-580c-4b06-a13e-0e36682f2a1f,#VB2018 Alexey Molchanov's World Record Dive to 130m,https://www.youtube.com/watch?v=eu2pBpQolKE,61.52401,105.318756
CWT,Molchanov Alexey,RU,129,2017-05-02,Vertical Blue 2017,Men,https://en.wikipedia.org/wiki/Alexey_Molchanov,https://athletes.aidainternational.org/Profile-2e49e1ad-580c-4b06-a13e-0e36682f2a1f,not_found,not_found,61.52401,105.318756
CWT,Molchanov Alexey,RU,129,2016-10-28,Big Blue World Cup,Men,https://en.wikipedia.org/wiki/Alexey_Molchanov,https://athletes.aidainternational.org/Profile-2e49e1ad-580c-4b06-a13e-0e36682f2a1f,Alexey Molchanov 129m (Constant Weight) Freediving World Recor,https://www.youtube.com/watch?v=wRsxzvLRwEY,61.52401,105.318756
CWT,Molchanov Alexey,RU,128,2013-09-15,AIDA INDIVIDUAL DEPHT WORLD CHAMPIONSHIP 2013,Men,https://en.wikipedia.org/wiki/Alexey_Molchanov,https://athletes.aidainternational.org/Profile-2e49e1ad-580c-4b06-a13e-0e36682f2a1f,not_found,not_found,61.52401,105.318756
CWT,Molchanov Alexey,RU,126,2012-11-20,Suunto Vertical Blue 2012,Men,https://en.wikipedia.org/wiki/Alexey_Molchanov,https://athletes.aidainternational.org/Profile-2e49e1ad-580c-4b06-a13e-0e36682f2a1f,Alexey Molchanov of Russia sets new World Record in Constant Weight 126m,https://www.youtube.com/watch?v=B8V8TRdA3e0,61.52401,105.318756
FIM,Molchanov Alexey,RU,125,2018-07-24,Vertical Blue,Men,https://en.wikipedia.org/wiki/Alexey_Molchanov,https://athletes.aidainternational.org/Profile-2e49e1ad-580c-4b06-a13e-0e36682f2a1f,WATCH Alexey Molchanov set a new WORLD RECORD in Free Immersion 125m,https://www.youtube.com/watch?v=1cCiC7qwCg0,61.52401,105.318756
CWTB,Molchanov Alexey,RU,113,2020-11-26,AIDA FreedivingWorld Competition,Men,https://en.wikipedia.org/wiki/Alexey_Molchanov,https://athletes.aidainternational.org/Profile-2e49e1ad-580c-4b06-a13e-0e36682f2a1f,Alexey Molchanov's World Record Dive to 113 meters (CWTB),https://www.youtube.com/watch?v=OVDJ2_TvUhQ,61.52401,105.318756
CWTB,Molchanov Alexey,RU,110,2019-08-05,AIDA Caribbean Cup 2019,Men,https://en.wikipedia.org/wiki/Alexey_Molchanov,https://athletes.aidainternational.org/Profile-2e49e1ad-580c-4b06-a13e-0e36682f2a1f,not_found,not_found,61.52401,105.318756
CWTB,Molchanov Alexey,RU,108,2019-05-21,Russian Open depth Championship 2019,Men,https://en.wikipedia.org/wiki/Alexey_Molchanov,https://athletes.aidainternational.org/Profile-2e49e1ad-580c-4b06-a13e-0e36682f2a1f,not_found,not_found,61.52401,105.318756
DYN,Molchanova Natalia,RU,234,2013-06-21,Individual AIDA pool World Championships,Women,https://en.wikipedia.org/wiki/Natalia_Molchanova,https://athletes.aidainternational.org/Profile-00000000-0000-0000-0000-0000000002e2,Natalia Molchanova world record dynamic freedive,https://www.youtube.com/watch?v=yGMVFn-zrWQ,61.52401,105.318756
DYN,Molchanova Natalia,RU,225,2010-04-24,Freediving Moscow Cup 2010,Women,https://en.wikipedia.org/wiki/Natalia_Molchanova,https://athletes.aidainternational.org/Profile-00000000-0000-0000-0000-0000000002e2,not_found,not_found,61.52401,105.318756
DYN,Molchanova Natalia,RU,214,2008-10-04,Europe Evolution Cup,Women,https://en.wikipedia.org/wiki/Natalia_Molchanova,https://athletes.aidainternational.org/Profile-00000000-0000-0000-0000-0000000002e2,not_found,not_found,61.52401,105.318756
DYN,Molchanova Natalia,RU,214,2008-04-26,AIDA Moscow Cup 2008,Women,https://en.wikipedia.org/wiki/Natalia_Molchanova,https://athletes.aidainternational.org/Profile-00000000-0000-0000-0000-0000000002e2,not_found,not_found,61.52401,105.318756
DYN,Molchanova Natalia,RU,205,2007-07-04,AIDA Pool World Championships with Finals,Women,https://en.wikipedia.org/wiki/Natalia_Molchanova,https://athletes.aidainternational.org/Profile-00000000-0000-0000-0000-0000000002e2,not_found,not_found,61.52401,105.318756
DYN,Molchanova Natalia,RU,200,2006-04-22,Russian Freediving Championship,Women,https://en.wikipedia.org/wiki/Natalia_Molchanova,https://athletes.aidainternational.org/Profile-00000000-0000-0000-0000-0000000002e2,not_found,not_found,61.52401,105.318756
DYN,Molchanova Natalia,RU,178,2005-08-27,1st AIDA Individual Pool World Freediving Championship,Women,https://en.wikipedia.org/wiki/Natalia_Molchanova,https://athletes.aidainternational.org/Profile-00000000-0000-0000-0000-0000000002e2,not_found,not_found,61.52401,105.318756
DYN,Molchanova Natalia,RU,172,2005-04-23,Russian Freediving Championship,Women,https://en.wikipedia.org/wiki/Natalia_Molchanova,https://athletes.aidainternational.org/Profile-00000000-0000-0000-0000-0000000002e2,not_found,not_found,61.52401,105.318756
DYN,Molchanova Natalia,RU,155,2004-04-24,Moscow Freediver Cup 2004,Women,https://en.wikipedia.org/wiki/Natalia_Molchanova,https://athletes.aidainternational.org/Profile-00000000-0000-0000-0000-0000000002e2,not_found,not_found,61.52401,105.318756
DYN,Molchanova Natalia,RU,150,2003-05-29,Sony Freediver Open Classic 2003,Women,https://en.wikipedia.org/wiki/Natalia_Molchanova,https://athletes.aidainternational.org/Profile-00000000-0000-0000-0000-0000000002e2,not_found,not_found,61.52401,105.318756
DNF,Molchanova Natalia,RU,182,2013-06-21,Individual AIDA pool World Championships,Women,https://en.wikipedia.org/wiki/Natalia_Molchanova,https://athletes.aidainternational.org/Profile-00000000-0000-0000-0000-0000000002e2,Natalia Molchanova freediving world record DNF,https://www.youtube.com/watch?v=B2L0dgd8K0c,61.52401,105.318756
DNF,Molchanova Natalia,RU,160,2009-08-21,5th AIDA Individual Pool World Championship 2009,Women,https://en.wikipedia.org/wiki/Natalia_Molchanova,https://athletes.aidainternational.org/Profile-00000000-0000-0000-0000-0000000002e2,Natalia Molchanova's World Record DNF 160m,https://www.youtube.com/watch?v=jq3G4PaLNB4,61.52401,105.318756
DNF,Molchanova Natalia,RU,150,2008-04-26,AIDA Moscow Cup 2008,Women,https://en.wikipedia.org/wiki/Natalia_Molchanova,https://athletes.aidainternational.org/Profile-00000000-0000-0000-0000-0000000002e2,not_found,not_found,61.52401,105.318756
DNF,Molchanova Natalia,RU,149,2007-07-04,AIDA Pool World Championships with Finals,Women,https://en.wikipedia.org/wiki/Natalia_Molchanova,https://athletes.aidainternational.org/Profile-00000000-0000-0000-0000-0000000002e2,AIDA World Championships 2007 - DNF Finals (Weman),https://www.youtube.com/watch?v=G70pTI5zvUU,61.52401,105.318756
DNF,Molchanova Natalia,RU,131,2005-12-20,WR Attempt - MOLCHANOVA Natalia(DNF),Women,https://en.wikipedia.org/wiki/Natalia_Molchanova,https://athletes.aidainternational.org/Profile-00000000-0000-0000-0000-0000000002e2,APNEA natalia molchanova 131m in japan,https://www.youtube.com/watch?v=uJit8fJOjcY,61.52401,105.318756
DNF,Molchanova Natalia,RU,124,2005-08-27,1st AIDA Individual Pool World Freediving Championship,Women,https://en.wikipedia.org/wiki/Natalia_Molchanova,https://athletes.aidainternational.org/Profile-00000000-0000-0000-0000-0000000002e2,not_found,not_found,61.52401,105.318756
DNF,Molchanova Natalia,RU,108,2005-04-23,Russian Freediving Championship,Women,https://en.wikipedia.org/wiki/Natalia_Molchanova,https://athletes.aidainternational.org/Profile-00000000-0000-0000-0000-0000000002e2,not_found,not_found,61.52401,105.318756
VWT,Molchanova Natalia,RU,125,2010-06-12,VWT-NLT Natalia Molchanova (WR-attempts),Women,https://en.wikipedia.org/wiki/Natalia_Molchanova,https://athletes.aidainternational.org/Profile-00000000-0000-0000-0000-0000000002e2,not_found,not_found,61.52401,105.318756
CWT,Molchanova Natalia,RU,101,2009-09-25,Ruler of the Deep,Women,https://en.wikipedia.org/wiki/Natalia_Molchanova,https://athletes.aidainternational.org/Profile-00000000-0000-0000-0000-0000000002e2,AIDA Freediving WC Kalamata 2011 CWT,https://www.youtube.com/watch?v=yu8lT3WlHQU,61.52401,105.318756
CWT,Molchanova Natalia,RU,95,2008-07-25,Mediterranean Freediving Meeting,Women,https://en.wikipedia.org/wiki/Natalia_Molchanova,https://athletes.aidainternational.org/Profile-00000000-0000-0000-0000-0000000002e2,not_found,not_found,61.52401,105.318756
CWT,Molchanova Natalia,RU,86,2005-09-01,1st AIDA Individual Constant Weight World Freediving Championship,Women,https://en.wikipedia.org/wiki/Natalia_Molchanova,https://athletes.aidainternational.org/Profile-00000000-0000-0000-0000-0000000002e2,not_found,not_found,61.52401,105.318756
CNF,Molchanova Natalia,RU,71,2015-05-13,Russian National Open,Women,https://en.wikipedia.org/wiki/Natalia_Molchanova,https://athletes.aidainternational.org/Profile-00000000-0000-0000-0000-0000000002e2,Masa&Natalia - Dahab 015,https://www.youtube.com/watch?v=dMQvRGA0Bl8,61.52401,105.318756
CNF,Molchanova Natalia,RU,70,2014-05-15,Russian National,Women,https://en.wikipedia.org/wiki/Natalia_Molchanova,https://athletes.aidainternational.org/Profile-00000000-0000-0000-0000-0000000002e2,Рекорд мира Натальи Молчановой - ныряние в глубину без ласт 70 м,https://www.youtube.com/watch?v=nr7__ykz4kA,61.52401,105.318756
CNF,Molchanova Natalia,RU,69,2013-09-15,AIDA INDIVIDUAL DEPHT WORLD CHAMPIONSHIP 2013,Women,https://en.wikipedia.org/wiki/Natalia_Molchanova,https://athletes.aidainternational.org/Profile-00000000-0000-0000-0000-0000000002e2,AIDA 2013 @Kalamata CNF,https://www.youtube.com/watch?v=i9ObrTAG3oE,61.52401,105.318756
CNF,Molchanova Natalia,RU,68,2013-04-25,Russian National Open,Women,https://en.wikipedia.org/wiki/Natalia_Molchanova,https://athletes.aidainternational.org/Profile-00000000-0000-0000-0000-0000000002e2,not_found,not_found,61.52401,105.318756
CNF,Molchanova Natalia,RU,66,2012-05-08,FDD Russian Open,Women,https://en.wikipedia.org/wiki/Natalia_Molchanova,https://athletes.aidainternational.org/Profile-00000000-0000-0000-0000-0000000002e2,not_found,not_found,61.52401,105.318756
CNF,Molchanova Natalia,RU,62,2009-12-03,5th AIDA Individual World Championship 2009,Women,https://en.wikipedia.org/wiki/Natalia_Molchanova,https://athletes.aidainternational.org/Profile-00000000-0000-0000-0000-0000000002e2,not_found,not_found,61.52401,105.318756
CNF,Molchanova Natalia,RU,60,2008-06-10,Triple Depth 2008,Women,https://en.wikipedia.org/wiki/Natalia_Molchanova,https://athletes.aidainternational.org/Profile-00000000-0000-0000-0000-0000000002e2,not_found,not_found,61.52401,105.318756
CNF,Avseenko Natalia,RU,57,2008-04-01,Vertical Blue 2008,Women,None,https://athletes.aidainternational.org/Profile-00000000-0000-0000-0000-000000000408,YogaDa! Freediving. Natalie Avseenko - 57m World Freediving record,https://www.youtube.com/watch?v=S_FybU0Jvrw,61.52401,105.318756
CNF,Molchanova Natalia,RU,55,2005-11-05,Triple Depth - Freedive Dahab,Women,https://en.wikipedia.org/wiki/Natalia_Molchanova,https://athletes.aidainternational.org/Profile-00000000-0000-0000-0000-0000000002e2,not_found,not_found,61.52401,105.318756
CNF,Molchanova Natalia,RU,43,2004-11-29,Sinai Last Chance 1-6,Women,https://en.wikipedia.org/wiki/Natalia_Molchanova,https://athletes.aidainternational.org/Profile-00000000-0000-0000-0000-0000000002e2,not_found,not_found,61.52401,105.318756
FIM,Molchanova Natalia,RU,91,2013-09-15,AIDA INDIVIDUAL DEPHT WORLD CHAMPIONSHIP 2013,Women,https://en.wikipedia.org/wiki/Natalia_Molchanova,https://athletes.aidainternational.org/Profile-00000000-0000-0000-0000-0000000002e2,not_found,not_found,61.52401,105.318756
FIM,Molchanova Natalia,RU,90,2009-09-25,Ruler of the Deep,Women,https://en.wikipedia.org/wiki/Natalia_Molchanova,https://athletes.aidainternational.org/Profile-00000000-0000-0000-0000-0000000002e2,Freediving World Record by Natalia Molchanova (Free Immersion 90 meters),https://www.youtube.com/watch?v=yw2U-91LB68,61.52401,105.318756
FIM,Molchanova Natalia,RU,85,2008-07-25,Mediterranean Freediving Meeting,Women,https://en.wikipedia.org/wiki/Natalia_Molchanova,https://athletes.aidainternational.org/Profile-00000000-0000-0000-0000-0000000002e2,not_found,not_found,61.52401,105.318756
FIM,Molchanova Natalia,RU,82,2008-06-10,Triple Depth 2008,Women,https://en.wikipedia.org/wiki/Natalia_Molchanova,https://athletes.aidainternational.org/Profile-00000000-0000-0000-0000-0000000002e2,not_found,not_found,61.52401,105.318756
FIM,Molchanova Natalia,RU,80,2006-06-04,Triple Depth 2006,Women,https://en.wikipedia.org/wiki/Natalia_Molchanova,https://athletes.aidainternational.org/Profile-00000000-0000-0000-0000-0000000002e2,not_found,not_found,61.52401,105.318756
FIM,Molchanova Natalia,RU,78,2005-11-05,Triple Depth - Freedive Dahab,Women,https://en.wikipedia.org/wiki/Natalia_Molchanova,https://athletes.aidainternational.org/Profile-00000000-0000-0000-0000-0000000002e2,not_found,not_found,61.52401,105.318756
DNF,Enedahl-Mekki Yamina,SE,79,2002-03-02,Hvidovre Freedivers Club - club championship 2002,Women,https://sv.wikipedia.org/wiki/Yamina_Enedahl,https://athletes.aidainternational.org/Profile-00000000-0000-0000-0000-000000000198,not_found,not_found,60.128161,18.643501
DNF,Enedahl-Mekki Yamina,SE,79,2002-02-23,4th Berlin Master Cup,Women,https://sv.wikipedia.org/wiki/Yamina_Enedahl,https://athletes.aidainternational.org/Profile-00000000-0000-0000-0000-000000000198,not_found,not_found,60.128161,18.643501
VWT,Pompe Annelie,SE,126,2010-10-02,WR Attempt - Annelie POMPE (VWT),Women,https://en.wikipedia.org/wiki/Annelie_Pompe,https://athletes.aidainternational.org/Profile-00000000-0000-0000-0000-000000000545,Annelie Pompe Variable World Record 126 meters,https://www.youtube.com/watch?v=ZF2vtsxSdm0,60.128161,18.643501
CWT,Artnik Alenka,SI,114,2020-11-07,AIDA Blue Week Competition,Women,None,https://athletes.aidainternational.org/Profile-bb4aa3ec-e87a-48f5-9a6c-ece92e3d95db,ALENKA ARTNIK -114m WORLD RECORD FREEDIVING IN MONOFIN,https://www.youtube.com/watch?v=a7mc5gnfaS4,46.151241,14.995463
CWT,Artnik Alenka,SI,105,2018-07-21,Vertical Blue,Women,None,https://athletes.aidainternational.org/Profile-bb4aa3ec-e87a-48f5-9a6c-ece92e3d95db,ALENKA ARTNIK matches a World Record Dive at Vertical Blue 2018 diving on breath-hold to 105m CWT,https://www.youtube.com/watch?v=gQ38_iDAec4,46.151241,14.995463
CWTB,Artnik Alenka,SI,92,2019-06-11,Asian Freediving Cup 2019,Women,None,https://athletes.aidainternational.org/Profile-bb4aa3ec-e87a-48f5-9a6c-ece92e3d95db,"Alenka Artnik -92m CWT Bifin WORLD RECORD, Asian Freediving Cup 2019",https://www.youtube.com/watch?v=JV7U5YngMJA,46.151241,14.995463
CWTB,Artnik Alenka,SI,90,2019-06-09,Asian Freediving Cup 2019,Women,None,https://athletes.aidainternational.org/Profile-bb4aa3ec-e87a-48f5-9a6c-ece92e3d95db,not_found,not_found,46.151241,14.995463
CWT,Le Master Brett,US,81,1999-11-12,WR Attempt - LEMASTER Brett (CWT),Men,None,https://athletes.aidainternational.org/Profile-00000000-0000-0000-0000-00000000003a,not_found,not_found,37.09024,-95.712891
NLT,Streeter Tanya,US,160,2002-08-17,WR Attempt - Tanya STREETER NLT,Women,https://en.wikipedia.org/wiki/Tanya_Streeter,https://athletes.aidainternational.org/Profile-00000000-0000-0000-0000-00000000009a,Tanya Streeter AIDA freediving World Record no limits 160m 17.08.2002,https://www.youtube.com/watch?v=gvcAa4VJDQU,37.09024,-95.712891
VWT,Streeter Tanya,US,122,2003-07-19,"WR Attempt - STREETER Tanya (VWT,CNF)",Women,https://en.wikipedia.org/wiki/Tanya_Streeter,https://athletes.aidainternational.org/Profile-00000000-0000-0000-0000-00000000009a,not_found,not_found,37.09024,-95.712891
CWT,Streeter Tanya,US,70,2001-05-11,WR Attempt - STREETER Tanya (CWT),Women,https://en.wikipedia.org/wiki/Tanya_Streeter,https://athletes.aidainternational.org/Profile-00000000-0000-0000-0000-00000000009a,not_found,not_found,37.09024,-95.712891
CWT,Streeter Tanya,US,67,1998-09-19,WR Attempt - STREETER Tanya (CWT),Women,https://en.wikipedia.org/wiki/Tanya_Streeter,https://athletes.aidainternational.org/Profile-00000000-0000-0000-0000-00000000009a,not_found,not_found,37.09024,-95.712891
CNF,Chapman Ashley,US,67,2012-11-20,Suunto Vertical Blue 2012,Women,None,https://athletes.aidainternational.org/Profile-00000000-0000-0000-0000-000000000c56,Ashley Futral Chapman CNF World Record at Suunto Vertical Blue 2012,https://www.youtube.com/watch?v=CUqPAaUOWuw,37.09024,-95.712891
CNF,Chapman Ashley,US,65,2012-05-04,Deja Blue 3,Women,None,https://athletes.aidainternational.org/Profile-00000000-0000-0000-0000-000000000c56,not_found,not_found,37.09024,-95.712891
CNF,Chapman Ashley,US,63,2012-05-04,Deja Blue 3,Women,None,https://athletes.aidainternational.org/Profile-00000000-0000-0000-0000-000000000c56,No Fins Freediving World Record Ashley Chapman 63 meters,https://vimeo.com/41599967,37.09024,-95.712891
CNF,Edwards Annabel,US,42,2004-10-23,WR Attempt - EDWARDS Annabel (CNF),Women,None,https://athletes.aidainternational.org/Profile-00000000-0000-0000-0000-00000000083a,not_found,not_found,37.09024,-95.712891
CNF,Streeter Tanya,US,35,2003-07-19,"WR Attempt - STREETER Tanya (VWT,CNF)",Women,https://en.wikipedia.org/wiki/Tanya_Streeter,https://athletes.aidainternational.org/Profile-00000000-0000-0000-0000-00000000009a,not_found,not_found,37.09024,-95.712891
FIM,Edwards Annabel,US,75,2005-05-27,The Kona Freedive Invitational,Women,None,https://athletes.aidainternational.org/Profile-00000000-0000-0000-0000-00000000083a,not_found,not_found,37.09024,-95.712891
FIM,Streeter Tanya,US,70,2001-05-06,WR Attempt - STREETER Tanya (FIM),Women,https://en.wikipedia.org/wiki/Tanya_Streeter,https://athletes.aidainternational.org/Profile-00000000-0000-0000-0000-00000000009a,not_found,not_found,37.09024,-95.712891
VWT,Coste Carlos,VE,140,2006-05-09,WR Attempt - COSTE Carlos(VWT – FIM),Men,https://en.wikipedia.org/wiki/Carlos_Coste,https://athletes.aidainternational.org/Profile-00000000-0000-0000-0000-000000000070,record variable 140m,https://www.youtube.com/watch?v=EpJyde_jnBI,6.42375,-66.58973
VWT,Coste Carlos,VE,135,2004-10-25,WR Attempt - Carlos Coste and Stig Severinsen,Men,https://en.wikipedia.org/wiki/Carlos_Coste,https://athletes.aidainternational.org/Profile-00000000-0000-0000-0000-000000000070,"Carlos Coste´s Freediving World Record VWT 135m. Venezuela, 2004.",https://www.youtube.com/watch?v=-XioVUAgAAc,6.42375,-66.58973
CWT,Coste Carlos,VE,105,2005-09-01,1st AIDA Individual Constant Weight World Freediving Championship,Men,https://en.wikipedia.org/wiki/Carlos_Coste,https://athletes.aidainternational.org/Profile-00000000-0000-0000-0000-000000000070,"Carlos Coste Freediving World Record CWT -105m, Niza 2005",https://www.youtube.com/watch?v=GfJu0JLYnCk,6.42375,-66.58973
CWT,Coste Carlos,VE,102,2004-06-14,BIOS Freeology Open Classic 2004,Men,https://en.wikipedia.org/wiki/Carlos_Coste,https://athletes.aidainternational.org/Profile-00000000-0000-0000-0000-000000000070,Carlos Coste -102m world Freediving Record,https://www.youtube.com/watch?v=rihC6rlrDaY,6.42375,-66.58973
FIM,Coste Carlos,VE,101,2003-09-30,WR Attempt - Carlos COSTE and Stig SEVERINSEN (FIM CWT),Men,https://en.wikipedia.org/wiki/Carlos_Coste,https://athletes.aidainternational.org/Profile-00000000-0000-0000-0000-000000000070,not_found,not_found,6.42375,-66.58973
FIM,Coste Carlos,VE,93,2002-12-06,WR Attempt - COSTE Carlos (FIM),Men,https://en.wikipedia.org/wiki/Carlos_Coste,https://athletes.aidainternational.org/Profile-00000000-0000-0000-0000-000000000070,not_found,not_found,6.42375,-66.58973
DNF,Mendez Karla,VE,84,2002-03-23,Copa UCV 2002,Women,None,https://athletes.aidainternational.org/Profile-ce16d98d-46ce-4b0c-b07f-d10a3cbbf240,not_found,not_found,6.42375,-66.58973
